StationID,Ground_Lat,Ground_Lon,Sat_Lat,Sat_Lon,Distance_km,PM2.5,PM10,Reflectance,Sun_Elevation,RH,Temp
DL001,28.6139,77.209,28.61424148606811,77.20037105751392,0.9585623572765161,26.73162883845127,49.486034712950605,0.0,5.0,48.23849238969188,33.50260905443322
